{
  "Train": {
    "RMSE": 1096.9932770988162,
    "MAE": 544.888916015625,
    "MAPE": 1.1818681633805739,
    "R2": 0.9865320324897766
  },
  "Validation": {
    "RMSE": 970.41057676635,
    "MAE": 760.5986938476562,
    "MAPE": 1.6018410857807708,
    "R2": 0.9861228466033936
  },
  "Test": {
    "RMSE": 2508.622430737635,
    "MAE": 1366.034423828125,
    "MAPE": 2.6691005433814543,
    "R2": 0.9283486604690552
  }
}